"","V1","V2","V3","V4","V5","V6","V7","V8","V9","V10","V11","V12","V13","V14","V15","V16","V17","V18","V19","V20","V21","V22","V23","V24"
"1","6.2557","6.1825","6.1978","6.3137","6.4205","6.1855","6.2771","6.3442","6.2496","6.393","6.3381","6.3289","6.4297","6.3595","6.2838","6.2466","6.213","6.3131","6.2618","6.274","6.3137","6.2008","6.2191","6.3076"
"2","6.3412","6.2801","6.3656","6.2038","6.2679","6.1916","6.3228","6.332","6.3167","6.2923","6.3167","6.3259","6.2313","6.1483","6.1337","6.2344","6.1642","6.4022","6.4144","6.628","6.7135","6.6311","6.4693","6.4266"
"3","6.3625","6.3625","6.39","6.3717","6.1886","6.4358","6.628","6.5883","6.6311","6.6128","6.4358","6.4754","6.4754","6.6799","6.6372","6.5548","6.4083","6.5243","6.5273","6.5395","6.4419","6.4388","6.3412","6.3412"
"4","6.1886","6.7226","6.9332","7.0766","6.5639","6.4357","6.3473","6.4114","6.5975","8.3064","9.289","8.523","8.1721","8.3338","8.2728","8.1416","8.1569","8.166","8.3125","8.105","8.0989","7.931","7.9036","8.0592"
"5","8.2636","8.3613","8.3857","8.3064","8.1477","8.1324","8.1904","8.0622","8.2881","8.2728","8.1325","7.9982","8.0348","8.0317","8.0806","8.0806","8.2118","8.1385","7.9433","7.9951","7.9463","7.9249","7.9402","8.0867"
"6","7.9341","7.9921","7.9982","8.0012","8.0073","7.9066","7.9524","7.9555","7.8273","7.7632","7.8456","7.7235","7.9097","7.7785","7.8181","7.8914","7.6808","7.6289","7.6198","7.6442","7.5954","7.6533","7.7906","7.87"
"7","7.7846","7.931","8.1568","8.0867","7.8883","7.7815","7.7479","7.7571","7.6686","7.1865","6.5579","6.5669","6.7074","6.6738","6.5395","6.5731","6.5364","6.4968","6.5212","6.5487","6.5303","6.5609","6.3839","6.4571"
"8","6.4052","6.451","6.4785","6.7531","6.6768","6.7135","6.7531","6.808","6.7836","6.7592","6.3442","5.8132","5.7675","5.8499","5.7308","5.6088","5.6332","5.4653","5.4349","5.5386","5.5508","5.4562","5.4196","5.4562"
"9","5.5752","5.5264","5.3891","5.3403","5.4623","5.5294","5.5447","5.6027","5.679","5.624","5.5325","5.3372","5.383","5.5661","5.4928","5.4837","5.5294","5.4806","5.5447","5.5386","5.621","5.7889","5.7736","5.6545"
"10","5.4379","5.2517","5.5905","5.6912","5.7278","5.6454","5.7766","5.8834","5.859","5.8133","5.7034","5.6912","5.7369","5.6271","5.4837","5.3982","5.3402","5.2914","5.2945","5.3006","5.2334","5.2731","5.27","5.3647"
"11","5.3921","5.4105","5.4745","5.4013","5.4593","5.5508","5.6515","5.8041","5.7308","5.7186","7.1529","7.4214","7.4733","7.3513","7.2353","7.1498","6.9424","6.6982","6.6188","6.7776","6.628","6.6036","6.6555","6.8355"
"12","6.979","6.9484","6.8264","6.805","6.7135","6.6951","6.6066","6.8355","6.7134","6.7958","6.7257","6.625","6.6372","6.7654","6.5822","6.4755","6.4724","6.4418","6.6036","6.5975","6.5945","6.6371","6.628","6.4541"
"13","6.3686","6.3808","6.3198","6.4022","6.4266","6.567","6.7196","6.8569","6.9179","6.7897","6.9301","8.285","7.9768","8.1935","8.0287","7.7998","7.69","7.397","7.5618","7.4947","7.6503","7.8822","7.9738","7.8029"
"14","7.9615","7.9433","8.0348","8.1965","8.4742","8.6146","8.5841","8.4925","8.5139","8.3369","8.2118","8.1629","8.1691","8.2454","8.3155","8.578","8.4529","8.5688","8.2789","8.1569","7.9402","7.9372","8.1416","8.0531"
"15","8.1965","8.4711","8.7672","9.1761","9.289","9.2157","9.1486","9.4354","9.5881","9.8871","9.6338","9.5514","9.3256","9.2279","9.1425","9.5148","9.4813","9.4385","9.5941","9.646","9.9054","9.9939","10.4303","10.8178"
"16","11.0833","11.3854","11.2267","11.6906","12.2643","11.8767","11.8248","11.9835","12.011","11.7272","11.4525","11.2756","11.0467","10.9124","11.0528","10.9063","10.7965","10.8666","11.0375","11.065","11.0955","11.0223","10.9643","10.9612"
"17","11.2237","11.1321","11.123","10.9613","11.1382","11.5319","11.3305","11.4434","13.3903","12.6823","11.361","8.3491","7.8792","7.7723","7.751","7.8975","7.8547","7.812","7.7327","7.8059","8.0012","7.8181","7.9371","8.1782"
"18","8.3033","8.1019","8.224","8.044","8.1782","7.5709","7.6961","7.7143","7.9249","8.1203","7.3421","9.765","10.2655","7.6655","7.2017","7.0919","7.1163","7.0705","7.0278","7.3268","7.4031","7.3879","7.0705","6.9576"
"19","6.7134","7.0949","6.9332","6.8783","6.7867","7.6686","6.9728","7.043","7.1071","7.3207","7.1316","7.2933","7.4123","7.5404","7.2475","7.22","7.0827","6.9881","6.9118","6.9271","6.8722","6.8477","6.9179","7.0308"
"20","6.9789","7.0919","7.8578","8.6482","8.9503","9.0174","9.1273","9.2096","9.2676","9.3561","9.17","8.578","8.4559","8.285","8.3521","8.2392","8.5596","8.6787","8.7733","8.639","8.5352","8.523","8.7031","9.0754"
"21","9.1089","9.1608","9.0723","9.112","9.0754","9.2066","8.9625","9.0082","8.9564","9.2676","9.1455","8.9167","8.9838","8.758","8.7885","8.8831","8.877","8.8526","8.8343","8.874","9.1059","9.0418","8.9228","8.7763"
"22","8.758","8.5719","8.6756","8.7031","8.7153","8.7946","8.8068","8.7977","8.7427","8.9686","8.4437","9.0845","8.7916","9.0357","8.5932","8.7275","8.8434","9.0327","8.401","8.7397","8.3949","8.1507","8.0561","7.8975"
"23","8.2118","8.5261","8.2087","9.0601","8.1904","8.6146","8.7672","8.8648","9.2646","9.17","8.9442","8.9075","8.8984","8.9808","9.0967","9.2218","9.347","9.0449","9.0845","8.9808","8.8251","8.8953","8.938","9.1303"
"24","9.2829","8.9167","9.2798","8.7946","8.4284","8.2728","8.1569","8.4437","8.2576","8.2606","8.1752","8.227","8.2393","7.9188","7.6259","7.7937","7.7418","7.7663","7.8059","8.0348","8.0623","7.8364","7.6534","7.6015"
"25","7.8151","7.6595","7.748","7.8853","7.9432","7.8181","7.8059","7.6381","7.9615","7.8395","7.7571","7.7357","7.8853","8.1538","8.0165","7.7113","7.5374","7.4336","7.516","7.516","7.5282","7.4428","7.3238","6.9698"
"26","6.979","7.4031","7.4001","7.3451","7.6411","7.4428","7.2231","7.1499","6.9087","6.8416","6.8752","6.7074","6.7501","6.6463","6.7134","6.7074","6.7165","6.5182","6.509","6.5639","6.57","6.625","6.4907","6.5182"
"27","6.5334","7.0552","6.9759","6.8172","7.0552","6.9942","7.0034","7.9859","19.4599","13.3415","0","0","0","2.4932","5.6637","5.4806","5.3921","5.3647","5.3586","5.3128","5.2639","5.3921","5.3799","5.3952"
"28","5.441","5.5142","5.3311","5.4959","5.7949","6.0848","6.094","6.2984","6.2099","5.8377","5.8254","5.679","5.8468","5.8865","6.1581","6.2039","6.1062","6.0482","6.271","6.5273","6.8111","6.6372","6.5609","6.5578"
"29","6.7226","6.8569","6.805","6.5212","6.3808","6.4357","6.5883","6.5029","6.625","7.0796","7.278","7.0003","7.1132","7.162","7.1223","7.162","7.2933","7.6411","7.5649","7.4977","7.6747","7.516","7.5618","7.2994"
"30","7.4001","7.0247","7.1864","6.9271","6.9118","6.7745","6.7562","6.6555","6.9057","7.0034","7.0552","7.1041","7.2383","7.0247","7.1346","6.9393","6.9362","6.7989","6.7043","6.625","6.5059","6.7104","6.5151","6.3534"
"31","6.4052","6.3046","6.57","6.6311","6.8996","7.162","7.0858","7.2048","7.1041","7.2749","7.1712","6.9972","6.8691","7.1712","7.1956","7.162","7.3482","7.5832","7.8028","7.9402","7.7052","7.3848","7.2627","6.9973"
"32","7.1681","7.7662","7.1925","7.2109","7.6625","7.7296","7.7907","7.4489","7.3878","7.6686","7.7693","7.635","7.5313","7.3238","7.3939","7.4092","7.2597","7.0919","7.3848","7.3421","7.4397","7.3085","7.2505","7.1346"
"33","7.1803","7.4184","7.4855","7.6137","7.693","7.7083","7.8731","7.5832","7.4245","7.3817","7.1529","6.6219","6.625","6.6738","6.7409","6.6738","7.0003","7.0095","6.9179","6.8599","6.8935","6.6891","6.7318","6.6982"
"34","6.6982","6.4541","6.3961","6.4327","6.5609","6.7745","7.1956","7.1986","7.1254","6.9454","6.8599","6.8996","6.9271","6.5822","6.5792","6.7043","6.5731","6.683","6.6952","6.6921","6.4999","6.7928","6.628","6.9271"
"35","7.0918","7.0217","6.921","6.7501","6.7379","6.8386","6.7623","6.7501","6.7867","6.7958","6.6738","7.0705","6.9881","6.8569","6.5914","6.4785","6.3656","6.5578","6.5426","6.7531","6.9332","6.7867","6.86","6.8416"
"36","6.8783","7.1132","7.1895","7.098","7.1041","7.1742","6.9576","7.1254","6.8813","7.0186","6.8722","6.6769","6.5242","6.5151","6.451","6.3839","6.4785","6.5121","6.5609","6.6677","6.7501","6.7104","6.7135","6.7897"
"37","6.7623","6.686","6.802","6.7501","6.8996","6.7867","6.9393","7.0797","6.9576","6.6432","6.628","6.5731","6.512","6.5609","6.57","6.4174","6.6097","6.8813","7.0461","6.8508","6.9545","6.9271","6.9118","6.6982"
"38","6.8569","6.863","6.9301","6.802","6.7928","6.8019","7.0156","7.0369","7.0552","6.9454","6.8966","6.7134","6.6311","6.863","6.8263","6.6188","6.7256","6.6616","6.7257","6.802","6.9027","6.8965","6.8905","6.9912"
"39","6.9454","6.8721","6.6738","6.7531","6.6891","6.6555","6.7623","6.7226","6.7562","6.9606","6.7775","6.8416","6.8294","6.8233","6.747","6.8294","6.6646","6.6128","6.5273","6.7226","6.5883","6.5029","6.5212","6.7684"
"40","6.7592","6.57","6.744","6.6494","6.8172","6.567","6.6677","6.7013","6.6433","6.5487","6.4266","6.2557","6.1093","6.2527","6.2557","6.0757","6.1276","6.1398","6.0726","5.917","5.8407","5.8682","6.094","6.1459"
"41","6.1611","6.5426","6.3503","6.2923","6.3656","6.5609","6.6921","6.451","6.2527","6.4418","6.3442","6.4754","6.5853","6.8111","6.6555","6.7531","6.567","6.4357","6.3228","6.3229","6.3656","6.1459","6.1825","5.981"
"42","6.0116","6.1703","6.1184","5.8712","5.8865","5.9262","6.2405","6.0604","6.0391","5.8895","6.1703","6.2069","6.3442","6.2191","6.2313","6.2008","6.2588","6.2801","6.3259","5.7797","5.8346","5.8285","5.801","5.7003"
"43","6.1672","6.1825","6.2557","6.1947","6.2923","6.3412","6.4144","6.4449","6.393","6.3564","6.2771","6.2649","6.1153","6.1367","6.1306","6.0909","6.3625","6.2405","6.1977","6.3442","6.4876","6.8081","6.8813","6.8904"
"44","6.8599","6.9942","6.9393","6.7531","6.744","7.1284","6.9423","6.9362","6.7257","6.982","6.921","7.0217","6.9973","6.8966","6.7898","6.8874","6.866","6.7531","6.744","6.8477","6.8142","6.6982","6.8752","6.8935"
"45","6.4907","6.57","6.7287","6.7135","6.7836","6.9332","6.8904","6.8325","6.6036","6.3137","6.3778","6.6707","6.4266","6.1245","11.4495","9.3714","6.802","6.4327","6.3289","6.0391","6.0818","5.8193","5.7522","5.7492"
"46","5.9078","5.9872","6.0391","5.9353","5.978","6.0024","6.2344","6.1214","6.0848","5.9445","6.0238","5.8682","5.8926","5.914","5.7186","5.4684","5.2548","5.1419","5.0809","5.206","5.1022","5.151","5.1297","5.2243"
"47","5.3525","5.2853","5.2579","5.3006","5.2091","5.151","5.2121","5.325","5.4044","5.5935","5.7217","5.798","5.6942","5.8102","5.6851","5.5905","5.6546","5.4288","5.4532","5.6729","5.4623","5.4898","5.5569","5.6485"
"48","5.6576","5.6423","5.4257","5.6027","5.5691","5.5966","5.5569","5.7431","5.7675","6.0177","5.9353","5.8712","5.9017","5.8621","5.9353","5.8621","5.6668","5.5844","5.6485","5.7095","5.7797","5.6912","5.7217","5.8041"
"49","5.8499","5.7949","5.6088","5.5356","5.4715","5.4592","5.3433","5.505","5.6179","5.6912","5.8651","5.8133","5.8529","5.8712","5.7949","5.6546","5.7309","5.7492","5.8987","5.8773","5.9842","5.8468","5.6851","5.7095"
"50","6.0757","6.0604","5.9933","5.8712","5.7553","5.8743","5.9719","5.9994","6.1489","6.2191","6.4724","6.7257","6.8325","6.8172","7.0186","6.7928","6.8843","6.7379","6.8599","6.8355","6.9576","7.2048","6.9423","6.8447"
"51","6.9851","7.217","7.0644","7.0491","7.043","7.0186","7.1926","7.1315","7.1101","7.0095","6.6158","6.3595","6.2679","6.1642","6.3137","6.1489","6.0849","6.2069","6.2832","6.2984","6.451","6.4754","6.6463","6.7256"
"52","6.9728","6.7959","6.8904","6.744","6.7073","6.7256","6.7287","6.8539","6.9545","6.6036","6.6951","6.6524","6.567","6.5487","6.4937","6.5304","6.3412","6.393","6.4693","6.5884","6.5181","6.7989","6.5822","6.6067"
"53","6.6005","6.6158","6.5059","6.628","6.6006","6.8447","6.7501","6.7806","6.6402","6.5761","6.3503","6.3595","6.5243","6.7867","6.8905","6.9026","7.0217","7.0918","7.1407","7.2017","7.2017","7.4611","7.3116","7.5404"
"54","7.6503","7.8151","7.6777","7.4336","7.1804","7.5252","7.577","7.751","7.7082","7.4642","7.162","7.1193","7.2109","7.3909","7.4855","7.5496","7.5679","7.4763","7.6259","7.5099","7.3634","7.3146","7.1345","7.0522"
"55","6.9942","6.9942","7.159","7.0857","6.9729","7.0919","7.1864","7.1407","7.0369","6.9027","6.9485","7.0888","7.1498","7.0552","7.0674","7.0583","7.2139","7.3116","7.3604","7.1773","7.1956","7.0583","6.8752","6.802"
"56","6.8447","6.7317","7.0827","7.2841","7.0583","7.0797","7.1834","7.3146","7.6106","7.4245","7.2383","7.043","7.0003","6.9942","7.0705","7.0552","7.0156","7.1041","7.3177","7.2902","7.4123","7.3543","7.4153","7.5649"
"57","7.6411","7.5496","7.3238","7.455","7.2109","7.394","7.5008","7.4306","7.4642","7.3421","7.2566","7.5984","7.4886","7.3879","8.3796","8.9686","9.0754","9.0906","9.0357","9.2859","9.3347","9.2981","9.1334","9.2646"
"58","9.1456","9.0479","9.0296","9.4446","9.3714","9.5118","9.9085","10.058","10.116","9.8566","9.5667","9.5453","9.3317","9.3591","9.3561","9.1852","9.2249","9.2127","9.1028","9.0113","9.1151","8.9533","8.6695","8.8251"
"59","8.6909","8.6695","9.0052","8.8709","9.0845","9.0113","9.286","9.5087","9.8596","9.6338","9.3225","9.0449","9.2554","9.4996","9.7772","9.5148","10.1678","10.0427","10.0214","9.7498","9.5392","9.4812","9.4721","9.7315"
"60","9.8627","9.7468","9.8718","10.0488","10.0122","9.939","10.1709","10.4425","10.5188","10.4822","10.2014","10.2441","10.4944","10.4242","9.6521","10.0153","9.9726","10.0702","9.7742","9.3897","9.2218","9.1822","9.054","9.1883"
"61","9.8871","9.9848","9.6827","9.82","9.7925","9.7895","9.7192","9.823","10.1495","9.4965","8.8984","9.2859","8.7794","8.7977","8.7855","8.5963","8.755","8.4254","8.6359","8.7489","8.7031","8.4834","8.5322","8.7061"
"62","8.642","8.7367","8.7489","8.819","8.6451","8.5902","8.7549","8.8373","8.8373","8.9655","8.7977","8.6207","8.459","8.7305","9.0082","8.8496","9.3042","9.3592","9.0876","8.761","8.9533","9.0174","9.1151","8.9808"
"63","9.0235","8.6634","8.7122","8.8648","8.8068","8.581","8.7153","8.6695","8.6298","8.0378","7.2017","7.0247","6.863","6.7714","6.7257","6.7226","6.5914","6.3625","6.3229","6.3503","6.3289","6.3473","6.3259","6.4114"
"64","6.4144","6.567","6.4998","6.3778","6.3015","6.4479","6.4968","6.5578","6.4296","6.4022","6.2527","6.3686","6.3961","6.3839","6.274","6.2435","6.2771","6.3747","6.2466","6.2313","6.1733","6.2923","6.3045","6.4235"
"65","6.3778","6.4815","6.4571","6.5182","6.448","7.0186","7.1376","7.0186","7.1254","7.1529","7.1407","7.0095","7.0095","6.9942","7.0034","6.9851","7.1285","7.2872","7.4336","7.5496","7.6777","7.3696","7.4092","7.6137"
"66","7.751","7.7968","7.7113","7.577","7.5679","7.4733","7.574","7.9036","7.3787","7.3085","7.3268","7.098","7.1285","7.0735","7.0674","6.9454","6.863","6.7043","6.7135","6.7348","6.6616","6.6585","6.5578","6.5029"
"67","6.5731","6.5639","6.6402","6.7256","6.7135","6.7928","6.8142","6.8203","6.9484","7.2109","7.455","7.513","7.6228","7.4611","7.3878","7.3177","7.1223","7.0003","7.0125","6.9789","6.9057","7.1864","7.7784","7.7083"
"68","7.3085","6.9454","6.9362","6.9667","6.927","7.0766","7.2475","7.6412","7.812","8.9442","8.8282","8.163","7.9829","7.693","7.5191","7.5404","7.4428","7.4367","7.3116","7.397","7.2536","7.3817","7.2658","7.3024"
"69","7.2017","7.1224","7.101","7.0613","7.1285","7.0857","7.1376","7.2627","7.3268","7.3787","7.4519","7.5069","7.3391","7.4001","7.6656","7.4855","7.6198","7.5648","7.4184","7.162","7.1804","7.1529","7.104","7.1956"
"70","7.3879","7.1529","7.1681","7.1743","7.2841","7.3207","7.336","7.2505","7.1956","7.2017","7.0705","7.2048","7.1437","7.3268","7.0644","6.8142","6.9148","6.9332","6.9515","7.0552","6.8019","6.6188","6.5334","6.6005"
"71","6.8019","6.6677","6.8081","6.8477","6.7501","6.7806","6.8569","6.8325","6.7898","6.747","6.7409","6.8599","6.7867","6.7654","6.7775","6.7562","6.6524","6.5243","6.4632","6.5121","6.4754","6.5212","6.4785","6.5853"
"72","6.6372","6.6524","6.5395","6.5731","6.5121","6.7104","6.7501","6.7195","6.628","6.7104","6.6433","6.5029","6.2527","6.3534","6.2191","6.2527","6.1977","6.2893","6.2984","6.4235","6.3473","6.4236","6.5304","6.5517"
"73","6.6555","6.6951","6.7684","6.8599","6.863","6.7592","6.7684","6.8691","6.7348","6.8874","6.7898","6.8172","6.7592","6.5944","6.5914","6.5486","6.4419","6.4755","6.5182","6.5334","6.5792","6.4083","6.3686","6.3076"
"74","6.2588","6.2618","6.2771","6.152","6.0909","6.1672","6.4388","6.4693","6.506","6.2435","7.4184","7.7083","7.4703","7.6137","7.4733","7.3329","7.3543","7.2628","7.3024","7.2322","7.1193","7.1895","7.1712","7.0949"
"75","7.098","7.2841","7.4886","7.5038","7.4641","7.5465","7.6686","7.6503","7.5069","7.4245","7.4519","7.339","7.2597","7.3024","7.2841","7.339","7.0858","7.1743","7.2292","7.3268","7.2658","7.275","7.22","7.2749"
"76","7.275","7.5923","7.5862","7.5892","7.577","7.5923","7.5588","7.5923","7.6045","7.6197","7.4367","7.4214","7.2414","7.2078","7.3329","7.516","7.3696","7.1987","7.1864","7.4916","7.2505","7.278","7.1864","7.159"
"77","7.3421","7.3238","7.2475","7.5038","7.7266","7.9951","8.166","8.1416","8.3064","8.163","8.1111","7.9463","7.751","7.7083","7.6503","7.6747","7.8731","7.8578","7.873","7.7663","7.87","7.8822","7.986","8.1477"
"78","8.2026","8.1233","8.2087","8.0836","7.9768","7.8914","7.8242","7.8792","7.9463","7.7541","7.7602","7.6961","7.6503","7.6472","7.6259","7.5893","7.7388","7.7357","7.8639","7.6961","7.7449","7.8517","7.8487","7.7663"
"79","8.0134","8.0317","7.9402","7.8304","7.9341","8.0867","8.3003","8.0561","9.9512","8.5535","8.1752","8.0958","8.0928","7.9737","7.9036","7.7113","7.8456","7.809","7.7266","7.6991","7.5435","7.5587","7.5465","7.5069"
"80","7.4947","7.5465","7.4825","7.5526","7.4336","7.6961","7.5709","7.6869","7.6716","7.8212","7.5984","7.3665","7.278","7.3818","7.3574","8.0622","7.8395","7.9066","7.8639","7.931","7.7632","7.7357","7.6503","7.513"
"81","7.5801","7.632","7.7876","7.9738","7.867","7.8975","7.9646","8.0287","7.9402","8.0653","8.6604","7.6411","7.4062","7.5557","6.7135","5.6851","5.5539","5.6637","5.7705","5.6515","5.5691","5.4745","5.4898","5.5355"
"82","5.5447","5.56","5.8529","6.0208","5.9445","6.0726","6.1672","6.1306","6.2405","6.0909","6.1245","6.1733","6.1855","6.2099","6.1764","6.1703","6.2344","6.2527","6.4419","6.0665","6.0818","6.1093","6.1703","5.9688"
"83","6.1184","6.0421","5.9689","6.0177","5.8163","5.9353","5.975","6.1367","6.3564","6.4297","6.2771","6.3747","6.4266","6.3808","6.332","6.3167","6.21","6.0299","6.5578","6.7714","6.9332","6.686","6.4144","6.2557"
"84","6.0818","6.3106","6.3503","6.4113","6.1642","6.5883","6.3381","6.4571","7.696","13.9762","26.5029","0","0","0","0.7446","6.6494","6.1245","5.9658","5.9475","5.801","5.8346","5.8071","5.7491","5.7888"
"85","5.9109","5.9383","5.9567","5.9414","5.8133","5.7827","5.9902","6.1642","6.152","6.1093","6.9027","7.3085","7.2658","7.1346","7.3207","7.3299","7.2383","6.9362","7.0156","7.0369","7.2017","6.9667","7.1407","7.0949"
"86","7.1742","7.5038","7.3451","7.6747","7.3879","7.6106","7.3695","7.6167","7.7418","7.5648","7.5953","7.4886","7.4367","7.5557","7.5008","7.6137","7.7876","7.6961","7.9433","7.7693","7.5832","7.8456","7.7296","7.7724"
"87","7.6106","7.7235","7.9188","7.8121","7.8914","7.9951","8.0867","7.8212","7.6533","7.7083","7.4","6.9424","6.9667","7.1712","7.1407","7.0766","7.217","7.0369","7.1865","7.3512","7.4519","7.4276","7.3909","7.7418"
"88","7.6747","7.4641","7.6289","7.4794","7.3055","7.1895","6.9637","6.9393","6.7836","6.8325","7.0583","7.3513","6.6402","7.0553","7.0186","6.9606","7.1987","7.0766","7.0583","7.2536","7.1987","6.9881","7.0339","6.924"
"89","6.8813","6.9149","6.8538","6.8325","7.1376","7.3878","7.1712","7.281","7.397","7.3299","7.3665","7.4245","7.3848","7.4611","7.3818","7.4703","7.5191","7.3512","7.5587","7.7662","7.5374","7.4703","7.3634","7.4977"
"90","7.5923","7.7419","7.5343","7.458","7.5252","7.1682","7.1468","7.159","7.1773","7.2566","7.3116","7.2536","7.2506","7.2139","7.3146","7.339","7.5069","7.4489","7.4336","7.2567","7.4489","7.2719","7.2628","7.3543"
"91","7.1529","7.0858","7.4184","7.4977","7.2475","7.2628","7.1742","7.3878","7.4824","7.3543","7.0186","7.2475","7.3329","7.0674","6.9606","6.9546","7.0674","7.3146","7.2109","7.156","7.2322","7.0979","7.4031","7.5404"
"92","7.8639","8.1416","8.1508","8.1263","7.7846","7.7327","7.5404","7.3177","7.2353","8.3674","7.7296","7.5282","8.4193","8.3522","8.52","7.693","8.2026","8.6939","8.5719","8.2057","8.0745","8.4742","8.4681","8.1965"
"93","8.1172","8.4193","8.163","8.5535","8.4925","8.1263","8.3491","8.2392","8.1416","7.9036","7.9249","7.8608","8.0714","8.1691","8.5474","8.3247","8.2148","8.462","8.1508","8.3735","8.2453","8.285","8.1782","8.1904"
"94","8.1782","8.4559","8.108","8.4223","8.3643","8.4589","9.0022","9.0876","8.8892","8.7336","8.8282","8.8984","8.7366","8.9014","8.6329","8.5322","8.6054","8.3552","8.3704","8.3949","8.819","8.5413","8.5322","8.3155"
"95","8.5108","8.0287","7.7205","8.4254","8.3491","7.9249","7.931","8.2362","8.5932","8.5902","8.8587","9.0509","8.5963","8.4345","8.3704","8.4864","8.9198","8.7885","8.8038","9.1456","8.8068","8.5993","8.4437","8.0256"
"96","8.2972","8.3278","8.0195","8.0867","7.8517","7.8608","8.1416","8.581","8.3308","8.1508","8.4864","8.224","8.1019","8.1446","8.1324","8.0989","8.1782","8.0684","8.3399","8.2545","8.0714","8.1507","7.8975","7.7449"
"97","7.9158","8.1569","8.3399","8.401","8.0623","7.8975","7.6777","7.7724","7.6839","7.8883","8.4223","8.5322","8.6176","8.4681","7.7327","8.05","7.8944","7.8853","7.9219","8.0104","8.0989","8.1752","7.928","7.7266"
"98","7.4306","7.7083","7.9402","8.2728","8.3216","7.989","7.8609","7.5618","7.7235","7.8456","7.7479","7.8608","7.8547","8.0501","7.9432","8.1294","8.1355","7.9005","7.9829","7.9921","8.0561","8.1904","7.7968","7.9188"
"99","8.2911","8.1996","8.1996","8.0348","7.8761","7.8395","7.9982","8.1172","9.5148","11.4037","11.834","11.535","11.5044","12.1697","9.9146","8.7946","8.6451","8.9045","8.9961","9.0815","8.9533","8.639","8.517","8.404"
"100","8.2789","8.9655","8.6756","8.4315","8.523","8.1508","8.5414","8.5047","8.8587","9.5576","9.4721","9.4751","9.5301","9.6552","10.003","9.585","9.7254","9.7498","9.7498","9.3042","9.3287","9.5331","9.3592","9.5453"
"101","9.8017","9.6888","9.6308","9.5575","9.7071","9.524","9.5514","9.6521","9.0784","8.9197","10.0305","9.5758","9.9512","9.9268","9.6613","9.7925","9.4538","8.9808","8.8312","9.1639","8.9594","8.7977","8.932","8.6421"
"102","8.52","8.3918","8.2515","8.2392","8.2301","8.404","8.3064","8.0195","8.3247","8.2301","8.4651","8.4193","8.2606","8.4407","8.3399","8.4193","8.581","8.3186","8.4925","8.7244","8.639","8.4101","8.5139","8.4467"
"103","8.3155","8.4254","8.5017","8.3552","8.3583","8.6298","8.5047","8.2148","8.2576","9.9817","10.1892","10.1984","9.9848","10.1129","9.7986","10.0366","10.1983","10.3051","10.4394","10.6439","10.473","10.4944","10.5859","10.418"
"104","10.2685","10.2228","10.238","10.8514","10.5005","10.7812","10.9155","10.9216","11.0498","11.0406","9.9359","9.3836","9.1181","9.2157","9.2096","9.3409","9.765","9.6582","9.5453","10.1129","10.0824","10.0488","9.7711","9.6277"
"105","9.6308","9.765","9.5758","9.643","9.6369","10.0458","9.5606","9.8505","9.7223","9.7528","9.9665","9.8017","9.9481","10.3601","8.8434","8.4834","8.3308","8.4162","8.3735","8.2637","8.0134","8.1294","7.989","7.7235"
"106","7.8853","7.7785","7.6533","7.7205","7.8609","7.7693","7.7876","7.6594","7.5191","7.3543","7.6167","7.7205","7.1254","7.5343","7.0156","7.5465","7.1621","7.4306","7.3116","7.159","7.4123","7.1864","7.5221","7.3421"
"107","7.4886","7.336","7.2109","7.1559","7.1712","7.2689","7.4123","7.3787","7.4428","7.2689","7.1651","7.2872","7.3146","7.3909","7.5557","7.3848","7.3818","7.4886","7.1926","7.2292","7.5313","7.9463","7.3421","7.3299"
"108","7.3421","7.1102","7.2353","7.281","7.1498","7.278","7.0827","7.1132","7.2505","7.3909","7.5252","7.1285","7.2628","7.162","7.22","7.4977","7.6472","7.5587","7.4794","7.4764","7.632","7.4397","7.5404","7.394"
"109","7.5465","7.3055","7.3268","7.6106","7.4458","7.4611","7.7082","7.6106","7.4794","7.9554","7.5923","7.4153","7.4642","7.5191","7.7876","7.6381","7.632","7.516","7.4947","7.7052","7.5404","7.9493","7.635","7.6411"
"110","7.4214","7.4611","7.4703","7.5923","7.5526","7.5801","7.7144","7.635","7.6411","7.5191","7.5801","7.5862","7.3848","7.1285","7.5252","7.6686","7.7906","7.5587","7.6747","7.6167","7.4428","7.9554","7.8029","7.8456"
"111","7.8944","7.635","7.2719","7.1346","6.921","6.866","6.924","6.6311","6.6372","6.6219","6.7928","6.744","6.6555","6.6341","6.6799","6.6463","6.628","6.6524","6.7836","6.6891","6.7043","6.7501","6.686","6.7684"
"112","6.6616","6.7287","6.686","7.0858","7.1193","7.0217","7.1682","7.2933","7.3391","6.8813","6.8264","6.6738","6.5822","6.5365","6.6097","6.6738","6.6524","6.805","6.7104","6.6189","6.6677","6.567","6.5395","6.744"
"113","7.0918","6.9149","6.9881","6.9881","6.7562","6.7593","6.9698","7.1956","7.2536","7.6411","7.2505","7.4855","7.8151","8.1691","7.5252","7.6991","7.9188","7.6991","7.4855","7.6533","7.6808","7.696","7.751","7.7388"
"114","7.6564","7.1132","6.9576","6.9667","7.0888","6.9027","6.8111","6.8172","6.8813","6.7165","6.9301","6.8844","6.9729","7.0522","7.1468","6.9026","6.9789","7.2566","7.339","7.4214","7.6167","7.4855","7.5221","7.4306"
"115","7.5282","7.2414","7.1651","7.4276","7.4947","7.2231","7.4702","7.9554","7.635","7.7357","7.4245","7.2719","7.2841","8.1782","8.3033","7.5343","7.5923","7.4092","7.5313","7.7571","7.9188","7.6808","7.5923","7.632"
"116","7.6472","7.6198","7.6472","7.5191","7.3085","7.3726","7.5008","7.6076","7.6595","7.4062","7.4123","7.2872","7.1803","7.4031","7.3024","7.2719","7.2292","7.1285","7.3787","7.5343","7.3146","7.2933","7.2414","7.3329"
"117","7.2719","7.1102","7.0034","7.1346","7.278","7.1987","7.2322","7.2017","7.3238","7.1926","7.217","7.1895","7.4397","7.8792","7.9799","8.0989","9.0632","8.4742","7.7724","6.9363","7.1071","7.3512","7.3451","7.4245"
"118","7.4367","7.3054","7.5313","7.7998","7.8822","7.6503","7.5191","7.3634","7.3604","7.2475","7.1315","7.5648","7.1468","7.1407","7.3146","7.217","7.1681","7.0888","7.3238","7.6442","7.5648","7.7906","7.7601","8.105"
"119","8.1599","8.1813","8.108","8.1813","8.2179","8.1172","7.9951","8.1935","8.2393","7.812","7.7876","7.6717","7.3695","7.1865","7.3482","7.4581","7.6472","8.047","7.9463","7.9188","8.166","8.2545","8.0409","7.812"
"120","7.8792","7.9554","8.2148","7.9554","7.867","7.9707","7.7266","7.812","7.632","7.9066","8.4589","8.282","8.1508","7.7388","7.4398","6.9027","6.9362","6.8081","6.7104","7.3329","7.4519","7.6747","7.9036","7.5496"
"121","7.5526","7.4397","7.4702","7.9707","7.8731","7.7571","7.5404","7.2872","7.3237","7.278","7.1559","7.1956","7.217","7.3512","8.8312","8.9808","8.7488","7.9982","7.2475","6.9576","7.0552","7.2048","7.2292","6.985"
"122","7.3207","7.3268","7.397","7.2353","7.3451","7.22","7.162","7.1041","7.1712","6.866","6.686","6.6768","6.451","6.4358","6.3045","6.3076","6.4052","6.4632","6.6769","6.8111","6.8599","6.9301","6.8844","6.9484"
"123","6.9545","6.9149","6.7775","6.8172","6.9973","6.8691","7.1407","7.1498","6.8813","6.8447","6.7379","6.6707","7.0736","7.2445","6.9606","7.0064","6.9179","7.22","6.982","6.9637","6.7775","6.7989","6.8844","6.8477"
"124","6.8081","6.8996","6.9393","7.0857","6.9606","7.0186","7.0064","6.9912","7.0125","6.9332","7.0247","6.5365","6.4846","6.4846","6.7104","6.5365","6.6768","6.393","6.5303","6.4907","6.4266","6.3716","6.4052","6.3778"
"125","6.5334","6.5212","6.4815","6.747","6.5639","6.866","6.7501","6.7989","6.6433","6.5242","8.5444","8.9594","8.9869","8.697","8.7946","8.6146","8.7733","8.9442","8.7214","8.9869","9.0205","8.996","8.7305","8.5474"
"126","8.6298","8.5597","8.8374","8.6817","8.5017","8.6695","8.9045","8.8465","8.8709","8.7641","8.8221","8.8557","8.7031","8.6634","8.8374","8.5291","8.5535","8.5535","8.6054","8.4468","8.5749","8.6695","8.4162","8.5078"
"127","8.4101","8.5322","8.6085","8.4772","8.3369","8.3826","8.3857","8.5871","8.4254","8.2545","8.4559","8.5291","8.4193","8.3979","8.3888","8.4864","8.7031","8.6054","8.6542","8.8892","8.9686","9.0693","8.9472","8.8892"
"128","8.9289","9.0174","8.9625","8.8618","9.0235","9.3073","9.2523","9.7101","9.9878","9.8291","9.6857","9.6674","9.9817","10.0183","9.8688","9.4904","9.3164","9.3103","9.8474","9.9146","10.2105","9.9481","10.0427","9.8413"
"129","9.8322","9.9634","10.0946","10.0641","9.704","9.4477","9.878","10.0244","9.9726","9.8901","9.8963","9.9786","9.7467","9.8413","10.0397","9.6948","9.3286","9.347","9.3317","9.7254","9.823","10.4394","10.3265","10.3357"
"130","10.2044","10.2533","10.1953","10.1617","10.0641","10.0518","9.9237","9.8413","9.7254","10.1495","6.2191","5.7583","5.6546","5.4684","5.4318","5.505","5.3616","5.3067","5.3677","5.3067","5.4257","5.5844","5.5142","5.3952"
"131","5.8132","6.7867","6.2435","6.0879","6.1154","6.0025","6.0909","5.9475","5.978","6.1733","6.271","6.0421","5.856","5.7614","5.6943","5.679","5.6271","5.6637","5.6667","5.856","5.8255","5.9658","5.9811","6.1581"
"132","6.1398","6.271","6.2466","6.1916","6.2038","6.1764","6.1428","6.3442","6.332","6.6524","6.628","6.7012","6.7318","6.7256","6.6524","6.5334","6.1794","5.9933","5.7492","5.6729","5.7736","5.6912","5.6027","5.8346"
"133","5.9933","6.1031","6.1916","6.213","6.1703","6.1398","6.155","5.978","6.0055","5.7858","6.0574","5.7095","5.9262","6.1367","6.1153","6.1062","6.0543","6.274","6.2161","6.0879","6.1154","6.0696","6.0665","6.1245"
"134","6.1001","6.1825","6.3869","6.3656","6.2618","6.1764","6.3442","6.2191","6.2527","6.1947","6.2527","6.0391","5.7675","6.0726","6.1428","5.9963","5.6546","5.3128","5.148","5.3921","5.5356","5.5447","5.7003","5.6027"
"135","5.4654","5.6393","5.917","5.8499","5.8743","6.0726","6.1489","6.1031","6.0268","5.8407","5.5905","5.6881","5.6912","5.8773","5.8285","5.7553","5.7553","5.7186","5.8926","5.7858","5.7309","5.856","5.9048","6.1886"
"136","6.0299","6.0879","6.0696","6.036","5.7492","5.7522","5.5752","5.6271","5.56","5.5356","5.743","5.5752","5.7003","5.6241","5.7308","5.6698","5.5752","5.5966","5.7064","5.7034","5.7339","5.7003","5.6485","5.6149"
"137","5.6179","5.798","5.8895","5.7309","5.8468","5.7736","5.8041","5.6851","5.6606","5.5172","5.4959","5.3403","5.5173","5.7064","5.6759","5.322","5.0595","5.2853","5.3433","5.2212","5.2731","5.2853","5.3067","5.2822"
"138","5.3494","5.3433","5.444","5.3433","5.4013","5.3433","5.267","5.0839","5.3342","5.386","5.5661","5.5295","5.5935","5.5935","5.5569","5.328","5.264","5.2792","5.209","5.2151","5.1785","5.0839","5.1022","4.9863"
"139","4.9924","5.0351","5.0717","5.0107","4.9588","4.9344","4.9619","5.1206","4.7635","4.9344","5.5142","5.8224","6.3625","6.4663","6.5273","6.4449","6.2099","6.2313","6.2435","6.4114","6.3595","6.387","6.4907","6.3534"
"140","6.4541","6.1733","6.4205","6.8386","6.8264","6.5792","6.4174","6.4541","6.3198","6.2344","6.1306","7.4642","11.5288","6.3869","3.3445","4.4523","4.8184","4.5224","4.3302","4.1868","4.1654","4.1746","4.0952","4.0708"
"141","4.0555","4.0403","4.1593","4.1318","4.3699","4.4767","4.5224","4.5896","4.5316","4.4614","3.8236","0","0","0","0","0","0","0","0","0","0","0","0","0"
"142","0","0","0","0","0","0","0","0","0","0","0","0","0","0","0","0","0","0","0","0","0","0","0","0"
"143","0","0","0","0","0","0","0","0","0","0","0","0","0","0","0","0","0","0","0","0","0","0","0","0"
"144","0","0","0","0","0","0","0","0","0","0","0","0","0","0","0","0","0","0","0","0","0","0","0","0"
"145","0","0","0","0","0","0","0","0","0","0","0","0","0","0","0","0","0","0","0","0","0","0","0","0"
"146","0","0","0","0","0","0","0","0","0","0","0","0","0","0","0","0","0","0","0","0","0","0","0","0"
"147","0","0","0","0","0","0","0","0","0","0","0","0","0","0","0","0","0","0","0","0","0","0","0","0"
"148","0","0","0","0","0","0","0","0","0","0","0","0","0","0","0","0","0","0","0","0","0","0","0","0"
"149","0","0","0","0","0","0","0","0","0","0","0","0","0","0","0","0","0","0","0","0","0","0","0","0"
"150","0","0","0","0","0","0","0","0","0","0","0","0","0","0","0","0","0","0","0","0","0","0","0","0"
"151","0","0","0","0","0","0","0","0","0","0","0","0","0","0","0","0","0","0","0","0","0","0","0","0"
"152","0","0","0","0","0","0","0","0","0","0","0","0","0","0","0","0","0","0","0","0","0","0","0","0"
"153","0","0","0","0","0","0","0","0","0","0","0","0","0","0","0","0","0","0","0","0","0","0","0","0"
"154","0","0","0","0","0","0","0","0","0","0","0","0","0","0","6.0665","0","0","0","0","0","0","0","0","0"
"155","0","0","0","0","0","0","0","0","0","0","0","0","0","0","0","0","0","0","0","0","0","0","0","0"
"156","0","0","0","0","0","0","0","0","0","0","0","0","0","0","0","0","0","0","0","0","0","0","0","0"
"157","0","0","0","0","0","0","0","0","0","0","0","0","0","0","0","0","0","0","0","0","0","0","0","0"
"158","0","0","0","0","0","0","0","0","0","0","0","0","0","0","0","0","0","0","0","0","0","0","0","0"
"159","0","0","0","0","0","0","0","0","0","0","0","0","0","0","0","0","0","0","0","0","0","0","0","0"
"160","0","0","0","0","0","0","0","0","0","0","0","0","0","0","0","0","0","0","0","0","0","0","0","0"
"161","0","0","0","0","0","0","0","0","0","0","0","0","0","0","0","0","0","0","0","0","0","0","0","0"
"162","0","0","0","0","0","0","0","0","0","0","0","0","0","0","0","0","0","0","0","0","0","0","0","0"
"163","0","0","0","0","0","0","0","0","0","0","0","0","0","0","0","0","0","0","0","0","0","0","0","0"
"164","0","0","0","0","0","0","0","0","0","0","0","0","0","0","0","0","0","0","0","0","0","0","0","0"
"165","0","0","0","0","0","0","0","0","0","0","0","0","0","0","0","0","0","0","0","0","0","0","0","0"
"166","0","0","0","0","0","0","0","0","0","0","0","0","0","0","0","0","0","0","0","0","0","0","0","0"
"167","0","0","0","0","0","0","0","0","0","0","0","0","0","0","0","0","0","0","0","0","0","0","0","0"
"168","0","0","0","0","0","0","0","0","0","0","0","0","0","0","0","0","0","0","0","0","0","0","0","0"
"169","0","0","0","0","0","0","0","0","0","0","0","0","0","0","0","0","0","0","0","0","0","0","0","0"
"170","0","0","0","0","0","0","0","0","0","0","0","0","0","0","0","0","0","0","0","0","0","0","0","0"
"171","0","0","0","0","0","0","0","0","0","0","0","0","0","0","0","0","0","0","0","0","0","0","0","0"
"172","0","0","0","0","0","0","0","0","0","0","0","0","0","0","0","0","0","0","0","0","0","0","0","0"
"173","0","0","0","0","0","0","0","0","0","0","0","0","0","0","0","0","0","0","0","0","0","0","0","0"
"174","0","0","0","0","0","0","0","0","0","0","0","0","0","0","0","0","0","0","0","0","0","0","0","0"
"175","0","0","0","0","0","0","0","0","0","0","0","0","0","0","0","0","0","0","0","0","0","0","0","0"
"176","0","0","0","0","0","0","0","0","0","0","0","0","0","0","0","0","0","0","0","0","0","0","0","0"
"177","0","0","0","0","0","0","0","0","0","0","0","0","0","0","0","0","0","0","0","0","0","0","0","0"
"178","0","0","0","0","0","0","0","0","0","0","0","0","0","0","0","0","0","0","0","0","0","0","0","0"
"179","0","0","0","0","0","0","0","0","0","0","0","0","0","0","0","0","0","0","0","0","0","0","0","0"
"180","0","0","0","0","0","0","0","0","0","0","0","0","0","0","0","0","0","0","0","0","0","0","0","0"
"181","0","0","0","0","0","0","0","0","0","0","0","0","0","0","0","0","0","0","0","0","0","0","0","0"
"182","0","0","0","0","0","0","0","0","0","0","0","0","0","0","0","0","0","0","0","0","0","0","0","0"
"183","0","0","0","0","0","0","0","0","0","0","7.2566","0","0","0","0","0","0","0","0","0","0","0","0","0"
"184","0","0","0","0","0","0","0","0","0","0","0","0","0","0","0","0","0","0","0","0","0","0","0","0"
"185","0","0","0","0","0","0","0","0","0","0","0","0","0","0","0","0","0","0","0","0","0","0","0","0"
"186","0","0","0","0","0","0","0","0","0","0","0","0","0","0","0","0","0","0","0","0","0","0","0","0"
"187","0","0","0","0","0","0","0","0","0","0","0","0","0","0","0","0","0","0","0","0","0","0","0","0"
"188","0","0","0","0","0","0","0","0","0","0","0","0","0","0","0","0","0","0","0","0","0","0","0","0"
"189","0","0","0","0","0","0","0","0","0","0","0","0","0","0","0","0","0","0","0","0","0","0","0","0"
"190","0","0","0","0","0","0","0","0","0","0","0","0","0","0","0","0","0","0","0","0","0","0","0","0"
"191","0","0","0","0","0","0","0","0","0","0","0","0","0","0","0","0","0","0","0","0","0","0","0","0"
"192","0","0","0","0","0","0","0","0","0","0","0","0","0","0","0","0","0","0","0","0","0","0","0","0"
"193","0","0","0","0","0","0","0","0","0","0","0","0","0","0","0","0","0","0","0","0","0","0","0","0"
"194","0","0","0","0","0","0","0","0","0","0","0","0","0","0","0","0","0","0","0","0","0","0","0","0"
"195","0","0","0","0","0","0","0","0","0","0","0","0","0","0","0","0","0","0","0","0","0","0","0","0"
"196","0","0","0","0","0","0","0","0","0","0","0","0","0","0","0","0","0","0","0","0","0","0","0","0"
"197","0","0","0","0","0","0","0","0","0","0","0","0","0","0","0","0","0","0","0","0","0","0","0","0"
"198","0","0","0","0","0","0","0","0","0","0","0","0","0","0","0","0","0","0","0","0","0","0","0","0"
"199","0","0","0","0","0","0","0","0","0","0","0","0","0","0","0","0","0","0","0","0","0","0","0","0"
"200","0","0","0","0","0","","","0","0","0","0","0","0","0","0","0","0","0","0","0","0","0","0","0"
"201","0","0","0","0","0","0","0","0","0","0","0","0","0","0","0","0","0","0","0","0","0","0","0","0"
"202","0","0","0","0","0","0","0","0","0","0","0","0","0","0","0","0","0","0","0","0","0","0","0","0"
"203","0","0","0","0","0","0","0","0","0","0","0","0","0","0","0","0","0","0","0","0","0","0","0","0"
"204","0","0","0","0","0","0","","","","","","","","","","","0","0","0","0","0","0","0","0"
"205","0","0","0","0","0","0","0","0","0","0","0","0","0","0","0","0","0","0","0","0","0","0","0","0"
"206","0","0","0","0","0","0","0","0","0","0","0","0","0","0","0","0","0","0","0","0","0","0","0","0"
"207","0","0","0","0","0","0","0","0","0","0","0","0","0","0","0","0","0","0","0","0","0","0","0","0"
"208","0","0","0","0","0","0","0","0","0","0","0","0","0","0","0","0","0","0","0","0","0","0","0","0"
"209","0","0","0","0","0","0","0","0","0","0","0","0","0","0","0","0","0","0","0","0","0","0","0","0"
"210","0","0","0","0","0","0","0","0","0","0","0","0","0","0","0","0","0","0","0","0","0","0","0","0"
"211","0","0","0","0","0","0","0","0","0","0","0","0","0","0","0","0","0","0","0","0","0","0","0","0"
"212","0","0","0","0","0","0","0","0","0","0","0","0","0","0","0","0","0","0","0","0","0","0","0","0"
"213","0","0","0","0","0","0","0","0","0","0","0","0","0","0","0","0","0","0","0","0","0","0","0","0"
"214","0","0","0","0","0","0","0","0","0","0","0","0","0","0","0","0","0","0","0","0","0","0","0","0"
"215","0","0","0","0","0","0","0","0","0","0","0","1.7852","0","0","0","0","0","0","0","0","0","0","0","0"
"216","0","0","0","0","0","0","0","0","0","0","0","0","0","0","0","0","0","0","0","0","0","0","0","0"
"217","0","0","0","0","0","0","0","0","0","0","0","0","0","0","0","0","0","0","0","0","0","0","0","0"
"218","0","0","0","0","0","0","0","0","0","0","0","0","0","0","0","0","0","0","0","0","0","0","0","0"
"219","0","0","0","0","0","0","0","0","0","0","0","0","0","0","0","0","0","0","0","0","0","0","0","0"
"220","0","0","0","0","0","0","0","0","0","0","0","0","0","0","0","0","0","0","0","0","0","0","0","0"
"221","0","0","0","0","0","0","0","0","0","0","0","0","0","0","0","0","0","0","0","0","0","0","0","0"
"222","0","0","0","0","0","0","0","0","0","0","0","0","0","0","0","0","0","0","0","0","0","0","0","0"
"223","0","0","0","0","0","0","0","0","0","0","0","0","0","0","0","0","0","0","0","0","0","0","0","0"
"224","0","0","0","0","0","0","0","0","0","0","0","0","0","0","0","0","0","0","0","0","0","0","0","0"
"225","0","0","0","0","0","0","0","0","0","0","0","0","0","0","0","0","0","0","0","0","0","0","0","0"
"226","0","0","0","0","0","0","0","0","0","0","0","0","0","0","0","0","0","0","0","0","0","0","0","0"
"227","0","0","0","0","0","0","0","0","0","0","0","0","0","0","0","0","0","0","0","0","0","0","0","0"
"228","0","0","0","0","0","0","0","0","0","0","0","0","0","0","0","0","0","0","0","0","0","0","0","0"
"229","0","0","0","0","0","0","0","0","0","0","0","0","0","0","0","0","0","0","0","0","0","0","0","0"
"230","0","0","0","0","0","0","0","0","0","0","0","0","0","0","0","0","0","0","0","0","0","0","0","0"
"231","0","0","0","0","0","0","0","0","0","0","0","0","0","0","0","0","0","0","0","0","0","0","0","0"
"232","0","0","0","0","0","0","0","0","0","0","0","0","0","0","0","0","0","0","0","0","0","0","0","0"
"233","0","0","0","0","0","0","0","0","0","0","0","0","0","0","0","0","0","0","0","0","0","0","0","0"
"234","0","0","0","0","0","0","0","0","0","0","0","0","0","0","0","0","0","0","0","0","0","0","0","0"
"235","0","0","0","0","0","0","0","0","0","0","0","0","0","0","0","0","0","0","0","0","0","0","0","0"
"236","0","0","0","0","0","0","0","0","0","0","0","0","0","0","0","0","0","0","0","0","0","0","0","0"
"237","0","0","0","0","0","0","0","0","0","0","0","0","0","0","0","0","0","0","0","0","0","0","0","0"
"238","0","0","0","0","0","0","0","0","0","0","0","0","0","0","0","0","0","0","0","0","0","0","0","0"
"239","0","0","0","0","0","0","0","0","0","0","0","0","0","0","0","0","0","0","0","0","0","0","0","0"
"240","0","0","0","0","0","0","0","0","0","0","0","0","0","0","0","0","0","0","0","0","0","0","0","0"
"241","0","0","0","0","0","0","0","0","0","0","0","0","0","0","0","0","0","0","0","0","0","0","0","0"
"242","0","0","0","0","0","0","0","0","0","0","0","0","0","0","0","0","0","0","0","0","0","0","0","0"
"243","0","0","0","0","0","0","0","0","0","0","0","0","0","0","0","0","0","0","0","0","0","0","0","0"
"244","0","0","0","0","0","0","0","0","0","0","0","0","0","0","0","0","0","0","0","0","0","0","0","0"
"245","0","0","0","0","0","0","0","0","0","0","0","0","0","0","0","0","0","0","0","0","0","0","0","0"
"246","0","0","0","0","0","0","0","0","0","0","0","0","0","0","0","0","0","0","0","0","0","0","0","0"
"247","0","0","0","0","0","0","0","0","0","0","0","0","0","0","0","0","0","0","0","0","0","0","0","0"
"248","0","0","0","0","0","0","0","0","0","0","0","0","0","0","0","0","0","0","0","0","0","0","0","0"
"249","0","0","0","0","0","0","0","0","0","0","0","0","0","0","0","0","0","0","0","0","0","0","0","0"
"250","0","0","0","0","0","0","0","0","0","0","0","0","0","0","0","0","0","0","0","0","0","0","0","0"
"251","0","0","0","0","0","0","0","0","0","0","0","0","0","0","0","0","0","0","0","0","0","0","0","0"
"252","0","0","0","0","0","0","0","0","0","0","0","0","0","0","0","0","0","0","0","0","0","0","0","0"
"253","0","0","0","0","0","0","0","0","0","0","0","0","0","0","0","0","0","0","0","0","0","0","0","0"
"254","0","0","0","0","0","0","0","0","0","0","0","0","0","0","0","0","0","0","0","0","0","0","0","0"
"255","0","0","0","0","0","0","0","0","0","0","0","0","0","0","0","0","0","0","0","0","0","0","0","0"
"256","0","0","0","0","0","0","0","0","0","0","0","0","0","0","0","0","0","0","0","0","0","0","0","0"
"257","0","0","0","0","0","0","0","0","0","0","0","0","0","0","0","0","0","0","0","0","0","0","0","0"
"258","0","0","0","0","0","0","0","0","0","0","0","0","0","0","0","0","0","0","0","0","0","0","0","0"
"259","0","0","0","0","0","0","0","0","0","0","0","0","0","0","0","0","0","0","0","0","0","0","0","0"
"260","0","0","0","0","0","0","0","0","0","0","0","0","0","0","0","0","0","0","0","0","0","0","0","0"
"261","0","0","0","0","0","0","0","0","0","0","0","0","0","0","0","0","0","0","0","0","0","0","0","0"
"262","0","0","0","0","0","0","0","0","0","0","0","0","0","0","0","0","0","0","0","0","0","0","0","0"
"263","0","0","0","0","0","0","0","0","0","0","0","0","0","0","0","0","0","0","0","0","0","0","0","0"
"264","0","0","0","0","0","0","0","0","0","0","0","0","0","0","0","0","0","0","0","0","0","0","0","0"
"265","0","0","0","0","0","0","0","0","0","0","0","0","0","0","0","0","0","0","0","0","0","0","0","0"
"266","0","0","0","0","0","0","0","0","0","0","0","0","0","0","0","0","0","0","0","0","0","0","0","0"
"267","0","0","0","0","0","0","0","0","0","0","0","0","0","7.4397","7.339","8.0287","7.0583","5.5234","5.1511","5.1206","5.7919","5.5417","5.3159","4.6262"
"268","4.0586","4.3241","4.5072","4.3698","4.6262","4.5346","5.0656","5.3036","5.2395","5.3677","4.6933","4.8001","4.3515","4.7482","4.9436","4.6201","4.3882","4.0586","4.382","4.5407","4.7788","4.3668","4.1654","3.8908"
"269","3.7229","4.022","3.9884","3.6344","3.5429","3.9884","4.0495","4.2691","4.141","4.9863","4.7299","4.672","4.8032","4.2875","4.1227","4.7391","4.44","4.4004","4.2997","3.9304","4.3333","3.7351","4.0403","4.2173"
"270","4.6445","4.6231","5.8651","5.5356","5.0778","5.029","5.3097","5.0046","4.5194","4.5133","6.039","5.5172","6.1031","6.0604","6.2588","5.8621","5.9689","5.8285","5.3128","5.5599","5.6942","5.9536","5.9353","5.3402"
"271","5.679","5.9536","6.4785","6.6768","6.0543","5.7156","6.5639","6.2344","5.9719","5.9536","5.6301","5.5264","6.2527","5.7492","7.2811","7.1224","6.5243","6.689","6.9667","6.2527","6.8752","5.8926","6.0818","5.8224"
"272","5.8438","6.8325","5.856","5.7095","6.1092","6.3961","7.7876","6.6951","6.4113","6.9698","7.3878","6.4357","6.0177","5.7949","6.152","7.7296","9.9542","0","0","0","0","0","0","0"
"273","0","0","0","0","0","0","0","0","0","0","0","0","0","0","0","0","0","0","0","0","0","0","0","0"
"274","0","0","0","0","0","0","0","0","0","0","0","0","0","0","0","0","0","0","0","0","0","0","0","0"
"275","6.4937","6.4266","6.2466","6.2191","6.2923","6.274","6.3228","6.4541","6.4327","6.4541","6.8752","7.0064","6.8813","6.9942","6.7745","7.1803","7.1559","6.8904","6.9942","7.22","7.6778","8.3705","8.5383","8.4101"
"276","8.7977","8.6878","8.5658","8.7794","8.3613","8.1691","7.6594","7.9402","7.989","7.5221","7.278","7.159","6.924","6.9881","7.2414","7.2292","7.6991","7.6869","7.8029","7.6075","7.2353","7.0156","7.0614","7.275"
"277","7.159","7.4764","7.2566","7.2566","7.0247","7.3817","7.22","7.3299","7.6686","7.3787","7.4275","7.5801","7.5221","7.632","7.5862","7.4489","7.3634","7.0247","6.9362","7.5709","7.8944","7.928","7.8029","7.9158"
"278","7.5252","7.4184","7.2627","6.9942","6.9911","6.9057","7.04","7.0735","7.1987","6.9454","7.2719","7.4825","7.3299","7.6533","7.8517","7.8975","8.1935","8.4284","8.2515","8.4589","8.5993","8.3857","8.3735","8.816"
"279","8.4681","8.0348","7.8059","6.3625","7.2292","6.7836","9.4904","12.6885","32.307","46.3045","7.1468","0","0","0","0","0","0","0","0","0","0","0","0","0"
"280","0","0","0","0","0","0","0","0","0","0","0","0","0","0","0","0","0","0","0","0","0","0","0","0"
"281","0","0","0","0","0","0","0","0","0","0","0","0","0","0","0","0","0","0","0","0","0","0","0","0"
"282","0","0","0","0","0","0","0","0","0","0","0","0","0","0","0","0","0","0","0","0","0","0","0","0"
"283","0","0","0","0","0","0","0","0","0","0","0","0","0","0","0","0","0","0","0","0","0","0","0","0"
"284","0","0","0","0","0","0","0","0","0","0","0","0","0","0","0","0","0","0","0","0","0","0","0","0"
"285","0","0","0","0","0","0","0","0","0","0","0","0","0","0","0","0","0","0","0","0","0","0","0","0"
"286","0","0","0","0","0","0","0","0","0","0","0","0","0","0","0","0","0","0","0","0","0","0","0","0"
"287","0","0","0","0","0","0","0","0","0","0","0","0","0","0","0","0","0","0","0","0","0","0","0","0"
"288","0","0","0","0","0","0","0","0","0","0","0","0","0","7.7296","5.2548","5.5386","5.5325","5.2701","4.8306","4.559","4.6048","4.7726","5.0564","4.7055"
"289","4.7208","4.7971","4.6964","5.7705","5.325","5.2914","4.8825","4.9344","6.4693","6.0238","5.8956","5.9048","5.6607","5.6881","5.6607","6.1581","5.8926","5.6088","5.856","6.2435","6.2313","6.6189","7.0247","7.1987"
"290","7.2475","7.5801","7.7235","8.7672","9.1822","9.4233","9.1181","8.755","7.9494","6.271","5.7553","5.502","5.4349","5.0717","5.1724","5.0565","5.0137","5.2823","5.2182","5.2365","5.7828","6.0238","6.1672","6.744"
"291","6.2405","6.0391","6.3991","6.9118","6.7287","6.3656","6.1733","5.9414","5.8529","6.3808","6.5304","6.0818","8.3247","6.8782","6.8996","6.7958","6.8752","6.152","6.2771","6.0757","5.8255","6.1214","6.802","6.9759"
"292","6.1672","6.0513","6.2557","5.8804","6.3137","6.4815","7.458","7.87","7.0064","6.7653","7.5557","7.0888","6.5975","6.7836","7.3787","4.8611","6.9027","6.8691","7.2749","7.0736","6.3625","6.4144","6.6158","6.8538"
"293","6.7226","7.0034","6.9087","6.5761","6.5884","7.0736","7.4092","7.635","7.3665","6.7684","6.6738","6.509","6.3961","6.3503","6.1367","5.8102","5.3555","5.7064","6.0543","6.1367","6.097","6.4052","6.4754","6.5731"
"294","6.2435","5.5843","5.737","5.4348","5.2914","5.56","6.155","6.5182","6.5365","6.1428","5.1358","4.9985","4.5743","4.4339","4.2264","4.3241","4.5804","4.6536","4.8093","4.6201","4.7147","4.3668","4.6597","4.7727"
"295","5.3799","5.4226","5.2243","5.2426","5.5996","5.6241","5.7308","5.4013","5.0931","5.2121","5.7248","5.682","5.5508","5.3463","5.2823","5.4531","6.1092","6.6646","7.0003","6.3991","6.3473","6.4937","6.6372","6.3625"
"296","6.3595","6.091","5.9536","5.9567","6.509","7.6717","7.6442","7.0491","6.9881","7.1925","6.4114","6.1886","6.0329","5.8072","5.9353","5.682","5.6881","5.9292","5.8285","6.0421","5.978","5.9811","6.036","5.9536"
"297","4.9039","5.4684","5.4135","5.6057","5.7858","6.2283","5.9292","6.2221","6.141","6.0756","6.152","6.2466","5.9506","4.8001","2.8318","5.5996","5.5966","5.5844","5.4959","5.5478","5.6881","5.8346","5.4928","5.3097"
"298","4.9741","4.9496","5.0168","5.383","5.6637","5.9505","5.4959","5.3037","5.8529","5.9017","6.0665","6.2038","5.9414","5.7247","6.3106","6.3656","5.8773","5.859","5.8011","5.7919","5.7766","5.6607","5.6942","5.4501"
"299","5.1816","6.9576","7.9432","7.394","5.4135","5.3171","4.91","5.2762","5.9292","5.4501","5.3372","15.2481","13.2194","42.8532","16.8477","5.9323","8.4443","5.9536","5.1724","4.9039","4.5499","4.5896","4.4675","4.2148"
"300","4.2936","4.1471","4.1654","4.4034","4.5041","4.5957","4.4095","4.8154","5.4348","5.9597","5.9017","6.1062","5.8865","5.5661","5.4928","5.4532","5.6393","5.5722","6.2374","6.5395","6.4083","6.3168","6.4052","6.0695"
"301","6.1703","6.0513","6.3595","5.7278","5.8956","6.0757","6.3473","6.7891","6.5255","6.4937","6.6189","6.7232","6.5426","6.7562","6.7348","6.5883","6.4358","9.3165","6.6646","6.094","5.8743","5.5936","5.3372","5.1083"
"302","5.0626","5.0168","5.361","5.3006","8.2637","5.9994","5.4867","5.6637","5.3281","5.4745","5.4837","5.5203","5.3036","5.5771","5.5172","5.5203","5.6607","5.3829","5.7034","5.8834","5.8071","5.8956","6.1001","6.0787"
"303","5.6851","5.7492","5.6759","5.798","6.0482","5.8773","5.6698","5.563","5.6088","5.5905","7.9707","8.5505","8.5902","8.5383","8.6268","8.6512","8.5597","8.3271","8.1385","8.0073","8.3918","8.0775","8.4711","8.3766"
"304","8.227","8.7031","8.0745","8.2667","7.9921","8.2972","7.8212","7.8761","7.8242","8.5291","7.577","7.8792","7.8914","5.1266","7.275","7.7479","7.6991","7.513","7.5099","7.1773","7.1956","6.9881","7.0491","6.9515"
"305","6.9698","7.0156","6.8404","6.5639","6.683","6.5822","6.8074","6.6573","6.7074","6.7623","6.6005","6.7196","6.8447","6.8331","6.9332","6.9667","6.5334","6.4449","6.271","6.2435","5.8773","5.9383","5.9231","6.0787"
